{"cameraMode":{"drawMode":0,"name":"Shaded","section":"Shading Mode"},"sceneLighting":true,"audioPlay":false,"sceneViewState":{"showFog":true,"showMaterialUpdate":false,"showSkybox":true,"showFlares":true,"showImageEffects":true,"showParticleSystems":true,"showVisualEffectGraphs":true,"m_FxEnabled":true},"in2DMode":false,"pivot":{"x":-12.583099365234375,"y":-147.36660766601563,"z":269.1347351074219},"rotation":{"x":-0.25973010063171389,"y":-0.022834084928035737,"z":0.006104216445237398,"w":-0.9654204845428467},"size":282.1790771484375,"orthographic":false}